pos,MAX AA,ConSurf Grade
1,M 95.402,9
2,P 60.674,5
3,T 69.474,7
4,F 49.515,7
5,D 93.458,8
6,D 64.220,6
7,I 40.000,5
8,L 89.189,8
9,E 61.261,5
10,E 34.821,5
11,A 33.929,6
12,G 100.000,9
13,E 64.286,5
14,F 89.286,8
15,G 78.571,7
16,R 45.536,3
17,F 69.912,5
18,Q 98.230,9
19,K 80.531,7
20,R 41.593,5
21,I 39.823,5
22,F 81.416,6
23,F 43.363,4
24,L 65.487,4
25,L 84.956,6
26,C 72.566,6
27,L 66.372,5
28,L 38.053,4
29,S 61.947,7
30,A 30.973,4
31,A 28.319,4
32,F 77.876,6
33,A 41.593,6
34,P 38.393,6
35,I 34.821,5
36,Y 59.821,5
37,V 73.214,7
38,G 75.893,7
39,I 58.036,5
40,V 89.286,8
41,F 100.000,9
42,L 63.393,6
43,G 83.036,6
44,F 59.821,3
45,T 60.714,4
46,P 97.321,9
47,D 46.429,3
48,H 84.821,8
49,W 46.429,6
50,C 99.115,9
51,R 54.867,4
52,S 34.513,4
53,P 85.088,6
54,G 52.252,3
55,V 54.955,5
56,A 52.252,4
57,E 70.270,5
58,L 70.270,4
59,S 58.036,6
60,Q 34.951,1
61,R 51.961,3
62,C 96.117,8
63,G 83.810,6
64,W 93.333,6
65,S 63.810,6
66,L 58.095,1
67,E 43.860,3
68,E 71.053,5
69,E 48.673,5
70,L 48.673,5
71,N 69.828,7
72,Y 32.174,2
73,T 76.923,7
74,V 61.538,5
75,P 87.179,8
76,L 28.448,3
77,L 20.000,1
78,G 33.945,3
79,G 15.596,1
80,S 30.275,4
81,G 64.356,4
82,E 20.833,1
83,A 28.431,1
84,F 30.435,3
85,P 18.966,1
86,S 56.034,6
87,Q 39.831,4
88,C 99.153,9
89,R 34.783,2
90,R 67.544,5
91,Y 79.646,6
92,E 36.283,3
93,V 59.821,4
94,D 64.103,6
95,W 81.197,5
96,N 69.231,8
97,A 24.138,1
98,T 54.918,6
99,G 27.778,1
100,L 62.385,4
101,S 43.636,3
102,C 95.960,8
103,DT 23.000,3
104,D 55.000,2
105,P 85.870,6
106,L 61.957,2
107,A 38.889,2
108,S 28.261,1
109,L 58.696,4
110,A 28.866,1
111,G 16.505,1
112,N 44.248,4
113,L 32.143,3
114,S 52.632,5
115,H 15.652,1
116,L 36.800,2
117,P 65.873,5
118,L 56.154,4
119,T 25.758,3
120,P 54.815,2
121,C 100.000,9
122,Q 23.664,1
123,D 49.265,4
124,G 83.453,6
125,W 97.143,8
126,V 46.809,5
127,Y 84.397,7
128,D 52.482,4
129,T 25.532,3
130,P 30.282,4
131,G 48.936,4
132,S 58.042,6
133,S 65.734,8
134,I 58.042,7
135,V 90.210,9
136,T 72.917,8
137,E 91.034,8
138,F 66.438,7
139,N 51.370,5
140,L 97.260,9
141,V 97.260,9
142,C 99.315,9
143,E 32.192,2
144,D 51.370,4
145,AS 35.616,5
146,W 85.517,5
147,K 41.096,5
148,V 33.333,5
149,D 70.748,8
150,L 61.905,4
151,F 36.735,5
152,Q 78.912,8
153,S 67.347,8
154,C 19.728,3
155,L 38.095,5
156,N 62.585,8
157,V 41.216,4
158,G 99.324,9
159,F 68.919,7
160,L 62.162,7
161,V 31.081,3
162,G 96.622,9
163,S 61.486,8
164,F 36.486,4
165,I 19.595,4
166,I 29.730,5
167,G 97.973,9
168,Y 68.919,5
169,L 39.189,4
170,A 79.054,9
171,D 99.324,9
172,R 91.837,8
173,F 70.068,6
174,G 98.639,9
175,R 99.320,9
176,K 67.347,7
177,L 34.694,1
178,C 36.735,5
179,L 51.701,5
180,L 76.351,6
181,V 20.270,2
182,S 48.649,8
183,I 19.463,4
184,L 47.651,4
185,L 27.027,5
186,N 35.570,5
187,A 28.859,4
188,V 42.282,4
189,S 34.899,5
190,G 88.591,9
191,V 42.953,4
192,L 47.651,5
193,V 36.242,5
194,A 78.523,7
195,F 54.362,4
196,A 53.020,7
197,P 85.811,7
198,N 56.081,6
199,Y 61.486,6
200,T 25.676,2
201,V 25.000,5
202,F 32.886,5
203,L 48.993,4
204,V 34.228,4
205,F 63.758,5
206,R 87.248,9
207,F 43.333,4
208,L 60.667,4
209,Q 51.333,6
210,G 96.667,9
211,L 34.228,5
212,V 29.530,6
213,S 33.557,5
214,K 65.772,8
215,G 79.866,8
216,G 28.859,5
217,W 67.114,5
218,M 33.557,5
219,A 30.201,5
220,G 38.255,5
221,Y 63.087,6
222,V 67.785,8
223,L 77.181,7
224,I 29.530,6
225,T 71.812,7
226,E 100.000,9
227,I 34.000,5
228,V 75.333,8
229,G 90.000,8
230,S 27.333,6
231,S 22.667,3
232,Y 38.000,4
233,R 97.917,9
234,R 61.333,6
235,T 39.333,5
236,V 69.333,7
237,G 63.333,6
238,I 62.667,7
239,L 41.333,3
240,Y 45.638,5
241,Q 70.470,7
242,M 28.667,4
243,F 52.000,6
244,F 84.000,7
245,T 40.000,7
246,V 42.000,3
247,G 99.333,9
248,L 43.333,4
249,L 36.000,6
250,I 38.667,3
251,L 85.333,7
252,P 52.667,6
253,G 54.000,6
254,L 35.333,3
255,A 98.000,9
256,Y 93.333,8
257,F 28.667,2
258,I 68.000,6
259,P 50.000,6
260,D 33.333,5
261,W 99.333,9
262,R 79.333,8
263,W 51.333,3
264,L 83.333,9
265,Q 86.667,9
266,L 66.667,6
267,A 66.667,6
268,V 34.000,5
269,T 58.000,7
270,L 57.333,5
271,P 95.333,8
272,N 28.000,4
273,F 55.333,3
274,L 57.333,3
275,F 69.333,5
276,L 66.667,5
277,L 48.993,3
278,Y 80.537,6
279,Y 60.403,4
280,W 93.243,7
281,C 27.703,4
282,I 40.667,6
283,P 97.333,9
284,E 92.667,9
285,S 99.333,9
286,P 84.000,8
287,R 98.000,9
288,W 99.333,9
289,L 97.333,9
290,L 47.333,5
291,S 57.333,7
292,Q 61.745,7
293,K 38.255,5
294,R 46.980,5
295,N 26.846,3
296,E 22.819,3
297,K 42.953,6
298,A 96.667,9
299,L 26.000,3
300,K 44.000,3
301,I 73.333,7
302,I 28.000,5
303,K 24.000,3
304,K 24.000,3
305,I 56.667,6
306,A 98.000,9
307,K 66.667,6
308,K 25.333,3
309,N 100.000,9
310,G 61.745,3
311,K 61.074,4
312,K 16.892,1
313,L 57.718,4
314,P 58.784,6
315,AP 20.000,2
316,N 21.333,4
317,L 33.333,3
318,EQ 26.190,4
319,E 24.561,4
320,L 53.061,5
321,T 25.342,4
322,L 31.897,2
323,E 30.172,2
324,D 39.161,4
325,D 36.066,3
326,S 16.667,1
327,G 26.897,1
328,E 48.667,3
329,K 39.597,4
330,L 20.667,3
331,S 32.667,5
332,P 51.333,5
333,S 86.667,8
334,F 49.333,4
335,L 54.667,3
336,D 96.667,9
337,L 98.000,9
338,V 43.333,5
339,R 88.000,8
340,T 92.000,9
341,P 83.333,6
342,Q 40.667,4
343,M 48.000,7
344,R 92.000,8
345,K 69.333,4
346,H 34.667,4
347,T 92.000,9
348,L 51.333,4
349,I 79.333,8
350,L 80.000,7
351,M 61.333,7
352,Y 57.047,5
353,N 33.557,5
354,W 99.329,9
355,F 86.577,7
356,T 69.128,8
357,S 59.732,6
358,S 42.282,8
359,V 68.456,7
360,V 50.336,8
361,Y 94.631,9
362,Q 66.443,8
363,G 97.315,9
364,L 98.658,9
365,I 48.322,8
366,M 57.718,7
367,R 38.255,8
368,L 31.544,6
369,G 76.510,7
370,I 39.597,5
371,L 27.517,5
372,G 71.141,6
373,G 73.826,5
374,N 80.537,8
375,L 37.584,4
376,Y 88.591,7
377,L 63.087,5
378,D 63.087,8
379,F 75.839,8
380,F 53.691,4
381,I 43.624,7
382,S 77.852,8
383,A 49.664,7
384,L 59.060,5
385,V 81.208,7
386,E 96.644,9
387,F 46.309,6
388,P 97.987,9
389,A 83.893,8
390,A 58.389,7
391,F 46.980,3
392,L 46.309,4
393,I 53.691,6
394,L 52.027,4
395,L 55.705,3
396,T 62.416,6
397,I 56.376,7
398,D 53.020,6
399,R 81.295,7
400,I 39.597,3
401,G 82.550,8
402,R 98.658,9
403,R 82.550,8
404,Y 32.886,3
405,P 61.745,6
406,F 34.228,5
407,A 69.128,6
408,A 28.188,1
409,S 43.624,5
410,N 61.745,7
411,I 30.201,4
412,V 53.020,4
413,A 63.758,7
414,G 95.973,9
415,A 38.255,3
416,A 65.772,6
417,C 81.208,7
418,L 77.181,5
419,I 30.201,3
420,T 44.966,6
421,A 46.980,5
422,F 63.087,5
423,I 50.336,7
424,P 81.081,7
425,D 24.306,2
426,D 52.448,5
427,L 47.917,2
428,H 18.750,1
429,W 69.930,4
430,L 77.778,5
431,K 46.528,4
432,T 49.306,5
433,T 39.860,4
434,V 45.833,6
435,A 77.083,7
436,C 47.917,6
437,L 38.194,4
438,G 92.361,8
439,R 68.750,9
440,L 40.972,5
441,G 83.333,7
442,I 82.639,8
443,T 84.722,8
444,M 43.750,6
445,A 51.389,7
446,F 70.833,6
447,E 55.556,6
448,M 51.748,7
449,V 67.832,6
450,Y 41.958,8
451,L 45.455,6
452,V 61.538,7
453,N 64.336,8
454,A 44.755,7
455,E 100.000,9
456,L 85.315,8
457,Y 79.021,7
458,P 100.000,9
459,T 100.000,9
460,F 39.161,6
461,I 33.566,6
462,R 98.582,9
463,N 82.143,8
464,L 49.286,6
465,G 91.429,8
466,V 72.143,6
467,S 37.410,8
468,V 64.029,6
469,C 70.504,7
470,S 92.806,9
471,S 37.410,7
472,L 48.201,5
473,C 56.522,8
474,D 65.217,9
475,I 35.036,4
476,G 97.101,9
477,G 79.710,8
478,I 73.188,7
479,I 32.117,3
480,A 57.664,7
481,P 97.810,9
482,F 74.453,7
483,L 48.175,6
484,V 40.146,6
485,Y 57.664,5
486,R 92.708,8
487,L 90.511,7
488,A 47.445,5
489,E 24.265,3
490,I 41.176,4
491,W 71.533,4
492,L 27.007,3
493,E 53.285,5
494,L 83.212,7
495,P 98.540,9
496,L 73.913,6
497,I 52.899,5
498,I 44.203,6
499,F 75.362,7
500,G 67.883,8
501,V 43.066,4
502,L 52.555,4
503,A 37.226,6
504,L 48.175,4
505,I 31.387,4
506,A 48.905,7
507,G 75.912,7
508,G 51.095,4
509,L 81.752,6
510,V 57.664,7
511,L 75.912,6
512,L 72.263,6
513,L 97.810,9
514,P 99.270,9
515,E 99.270,9
516,T 85.401,9
517,K 51.825,4
518,G 80.292,7
519,V 27.007,3
520,P 32.117,4
521,L 100.000,9
522,P 94.891,8
523,E 76.642,8
524,T 89.706,8
525,I 58.088,6
526,E 57.037,5
527,D 76.154,6
528,V 40.157,5
529,E 93.548,9
530,N 47.899,4
531,L 41.880,4
532,G 26.126,3
533,R 65.094,5
534,K 28.090,1
535,K 24.675,2
536,K 47.761,4
537,P 24.590,1
538,K 61.017,3
539,E 62.500,3
540,N 46.000,4
541,T 35.417,2
542,I 63.636,4
543,Y 87.179,5
544,L 78.947,5
545,Q 56.757,4
546,V 78.378,6
547,Q 40.000,5
548,T 51.515,4
549,S 75.862,5
550,E 62.963,4
551,P 29.412,1
552,S 30.000,2
553,G 77.778,5
554,T 71.429,5